PLAYER_ID	POSITION	GP	GS	MIN	FGM	FGA	FG_PCT	FG3M	FG3A	FG3_PCT	FTM	FTA	FT_PCT	OREB	DREB	REB	AST	STL	BLK	TOV	PF	PTS
203500	Center	512	448	13731.0	2074	3521	0.589037	0	8	0.0	842	1515	0.555775	1766	2095	3861	586	448	514	728	1347	4990
1628389	Center-Forward	201	97	5015.0	761	1355	0.561623	4	33	0.121212	474	665	0.712781	412	1087	1499	529	164	163	322	461	2000
200746	Center-Forward	996	955	34281.0	7864	15990	0.491807	174	553	0.314647	3560	4388	0.811303	2669	5640	8309	1965	724	1101	1559	2457	19462
1629638	Guard	39	0	494.0	77	225	0.342222	40	117	0.34188	17	28	0.607142	7	71	78	73	11	7	38	43	211
1628960	Guard	68	2	914.0	146	354	0.412429	65	190	0.342105	75	95	0.789473	8	81	89	68	12	7	56	83	432
1628386	Center	202	157	4887.0	788	1305	0.603831	11	65	0.16923	433	619	0.699515	489	1057	1546	230	103	282	243	452	2020
1628443	Guard	47	2	640.0	90	207	0.434782	22	63	0.349206	56	74	0.756756	14	57	71	109	24	8	43	68	258
202329	Forward	688	431	17264.0	1910	4542	0.420519	535	1597	0.335003	893	1199	0.744787	960	3210	4170	848	659	388	835	1273	5248
203937	Forward-Guard	345	146	6666.0	736	1500	0.490666	66	218	0.302752	290	416	0.697115	235	1112	1347	669	329	182	298	480	1828
203507	Forward	511	446	16634.0	3698	7040	0.525284	292	1020	0.286274	2441	3377	0.72283	859	3593	4452	2186	610	675	1396	1538	10129
1628961	Forward	5	0	16.0	0	3	0.0	0	0	0.0	2	4	0.5	0	2	2	1	2	0	1	0	2
203648	Forward	17	1	67.0	16	27	0.592592	0	4	0.0	4	9	0.444444	6	2	8	6	2	1	5	11	36
2546	Forward	1099	1091	39259.0	9342	20847	0.448122	1410	4058	0.347461	5996	7386	0.811806	1862	5303	7165	3218	1112	545	2893	3167	26090
1628384	Forward	191	117	4283.0	548	1163	0.471195	202	570	0.354385	112	181	0.618784	156	494	650	181	151	69	161	388	1410
1627853	Guard	153	32	2968.0	269	624	0.431089	131	351	0.373219	114	136	0.838235	43	278	321	377	96	7	100	267	783
2772	Forward	1049	716	31148.0	3949	9351	0.422307	1510	4299	0.351244	1638	2247	0.728971	1035	4026	5061	2267	1561	324	1420	2100	11046
201571	Guard	846	313	20432.0	2709	6570	0.412328	1088	2865	0.379755	1839	2129	0.863785	254	1362	1616	3388	515	30	1275	1227	8345
1629028	Center	92	86	2877.0	684	1199	0.570475	0	5	0.0	182	241	0.755186	306	674	980	169	75	101	162	273	1550
1628407	Guard-Forward	134	30	2144.0	279	690	0.404347	68	197	0.345177	89	124	0.717741	26	281	307	136	51	9	77	170	715
1628963	Forward	75	10	1901.0	434	873	0.497136	34	118	0.288135	206	293	0.703071	191	377	568	72	39	71	116	163	1108
1628366	Guard	142	129	4565.0	578	1506	0.383798	266	804	0.330845	81	171	0.473684	174	702	876	916	212	81	364	311	1503
1628964	Center	94	1	1472.0	222	467	0.475374	49	152	0.322368	57	93	0.612903	135	336	471	69	30	131	80	188	550
200826	Guard	818	106	16084.0	2802	6599	0.424609	809	2293	0.352812	922	1162	0.793459	251	1475	1726	3215	329	23	1246	1152	7335
203084	Forward	590	529	18331.0	2973	6669	0.445793	721	1941	0.371458	1375	1730	0.794797	585	2302	2887	936	412	113	691	983	8042
1629628	Forward-Guard	41	41	1281.0	210	534	0.393258	47	143	0.328671	111	184	0.60326	44	171	215	101	43	16	90	92	578
203115	Guard	486	151	11792.0	1979	4573	0.432757	551	1589	0.346758	834	1062	0.78531	368	1667	2035	1215	362	200	656	762	5343
1628966	Forward	67	3	1150.0	147	348	0.422413	44	146	0.301369	64	93	0.688172	37	156	193	47	35	34	28	65	402
201587	Guard-Forward	789	714	24732.0	3245	7470	0.434404	1247	3496	0.356693	1381	1642	0.841047	835	3302	4137	2967	747	500	1449	1398	9118
203382	Center-Forward	460	134	7212.0	1072	2156	0.497217	67	215	0.311627	477	597	0.798994	701	1375	2076	369	98	228	388	1020	2688
203145	Guard-Forward	533	278	11221.0	1636	3971	0.411986	567	1626	0.348708	756	1041	0.726224	191	1487	1678	985	542	260	779	1052	4595
1629647	Forward-Guard	51	8	890.0	86	227	0.378854	30	100	0.3	31	45	0.688888	21	172	193	29	19	35	40	45	233
203078	Guard	530	496	18273.0	3984	8813	0.452059	1179	3118	0.378127	1762	2188	0.805301	440	1675	2115	2088	594	207	1182	1167	10909
1627736	Guard	206	19	3372.0	572	1289	0.443754	258	676	0.381656	119	147	0.809523	63	302	365	187	108	23	123	212	1521
201158	Guard	847	219	19336.0	2915	6878	0.423815	1195	3178	0.376022	1240	1468	0.844686	183	1561	1744	1418	484	64	845	1213	8265
1628395	Forward	152	16	1832.0	247	437	0.565217	2	15	0.133333	72	114	0.631578	143	326	469	192	57	117	111	189	568
1627761	Guard-Forward	189	23	3673.0	479	1070	0.447663	77	286	0.26923	138	233	0.592274	110	531	641	360	189	77	265	333	1173
1627733	Forward	178	64	3560.0	342	863	0.396292	172	533	0.322701	77	119	0.647058	97	570	667	218	50	102	186	346	933
202722	Forward	260	32	4699.0	661	1496	0.441844	452	1099	0.411282	190	222	0.855855	94	606	700	292	110	116	149	401	1964
201976	Guard	420	340	11880.0	1335	3226	0.413825	677	1790	0.378212	429	564	0.760638	495	1354	1849	1471	501	191	548	1321	3776
203920	Center	128	24	1969.0	211	385	0.548051	0	2	0.0	139	209	0.665071	217	325	542	107	49	70	63	196	561
1629048	Center-Forward	40	2	357.0	50	105	0.47619	4	24	0.166666	20	29	0.689655	21	65	86	19	2	27	21	50	124
202687	Center	626	267	12658.0	1205	2320	0.519396	0	2	0.0	791	1375	0.575272	1235	2677	3912	324	158	839	567	1387	3201
202357	Forward	319	139	6834.0	947	2034	0.465585	382	970	0.393814	239	309	0.773462	367	1122	1489	529	214	143	313	797	2515
202339	Guard	612	450	17024.0	3089	6763	0.456749	660	1962	0.336391	1842	2315	0.79568	502	1920	2422	2944	885	296	1604	1258	8680
203992	Guard	187	75	5218.0	912	2109	0.432432	365	971	0.375901	288	359	0.802228	84	503	587	652	180	40	315	396	2477
202711	Forward	448	331	12717.0	2226	4825	0.461347	842	2131	0.395119	1033	1207	0.85584	215	1335	1550	659	249	36	693	721	6327
1628413	Forward	48	10	653.0	82	165	0.496969	34	97	0.350515	13	29	0.448275	47	119	166	40	18	39	38	103	211
1629716	Center	1	0	3.0	0	0	0.0	0	0	0.0	0	0	0.0	0	2	2	0	1	0	0	1	0
1629648	Guard	7	0	26.0	2	12	0.166666	0	4	0.0	0	0	0.0	0	1	1	4	0	0	2	3	4
1629067	Guard	66	29	895.0	80	172	0.465116	14	44	0.318181	48	66	0.727272	58	111	169	62	38	18	37	112	222
1626164	Guard	320	295	10676.0	2452	5473	0.448017	620	1746	0.355097	1579	1824	0.865679	162	980	1142	1458	255	79	1048	984	7103
1628449	Forward-Center	72	0	726.0	130	283	0.459363	33	112	0.294642	77	99	0.777777	94	153	247	21	22	62	24	106	370
1628968	Forward-Guard	3	0	10.0	1	4	0.25	0	1	0.0	0	0	0.0	0	1	1	0	0	1	0	0	2
1629065	Guard	37	10	827.0	108	264	0.40909	31	90	0.344444	24	29	0.827586	18	76	94	105	36	5	49	83	271
202340	Guard	557	479	15758.0	2648	6072	0.4361	712	1968	0.361788	555	713	0.778401	355	1281	1636	986	566	114	790	1224	6563
1628396	Center-Forward	49	2	446.0	81	137	0.59124	0	1	0.0	22	35	0.628571	71	109	180	11	12	17	22	82	184
1629714	Forward	3	0	11.0	0	0	0.0	0	0	0.0	0	0	0.0	0	5	5	1	0	2	1	1	0
1629649	Forward	9	0	53.0	6	22	0.272727	1	9	0.111111	4	5	0.8	2	3	5	4	0	1	2	3	17
1628969	Forward	133	66	3702.0	387	853	0.453692	137	416	0.329326	163	202	0.80693	100	365	465	254	201	66	119	312	1074
1628970	Forward	131	75	3250.0	485	1075	0.451162	142	425	0.334117	131	169	0.775147	140	469	609	184	86	88	128	220	1243
1629052	Forward-Guard	16	0	120.0	12	32	0.375	3	13	0.230769	5	6	0.833333	8	14	22	4	4	1	7	17	32
1629151	Guard-Forward	57	1	613.0	77	177	0.435028	56	136	0.411764	22	27	0.814814	10	85	95	29	10	8	21	50	232
1627763	Guard	224	149	6379.0	1141	2401	0.475218	297	755	0.393377	438	488	0.89754	165	661	826	945	198	45	365	438	3017
1628415	Guard-Forward	151	125	4129.0	685	1595	0.429467	217	575	0.377391	265	337	0.78635	109	353	462	258	132	43	227	473	1852
1628971	Guard-Forward	124	94	2824.0	294	689	0.426705	53	177	0.299435	123	169	0.72781	97	302	399	291	96	62	130	315	764
1627759	Guard-Forward	264	157	6819.0	1247	2650	0.470566	346	940	0.368085	509	748	0.680481	222	932	1154	372	222	87	391	633	3349
1629650	Center	7	0	23.0	4	9	0.444444	0	0	0.0	2	4	0.5	3	8	11	0	1	0	3	5	10
1628425	Guard-Forward	147	11	2321.0	288	681	0.422907	112	322	0.347826	73	96	0.760416	79	381	460	142	75	25	100	205	761
1629718	Guard	9	0	40.0	6	19	0.315789	3	9	0.333333	5	5	1.0	2	2	4	2	2	2	3	3	20
1628972	Guard-Forward	98	24	1933.0	285	641	0.444617	59	180	0.327777	101	138	0.731884	87	324	411	180	78	10	78	143	730
1628973	Guard	124	49	2495.0	427	915	0.466666	101	290	0.348275	142	188	0.755319	46	246	292	397	58	8	146	192	1097
1628418	Center-Forward	116	76	2307.0	468	780	0.6	49	153	0.320261	168	221	0.76018	175	511	686	162	36	95	103	198	1153
203493	Guard-Forward	289	133	5665.0	739	1709	0.432416	385	996	0.386546	153	185	0.827027	97	505	602	322	153	35	160	314	2016
203504	Guard	386	128	8857.0	1577	3850	0.40961	464	1354	0.342688	453	568	0.797535	149	627	776	1354	217	44	487	526	4071
202692	Guard	477	85	10442.0	1659	3947	0.420319	373	1037	0.359691	1171	1482	0.790148	291	1239	1530	880	310	92	613	846	4862
1629126	Guard-Forward	62	0	494.0	67	175	0.382857	15	66	0.227272	14	24	0.583333	9	58	67	19	10	17	18	57	163
202710	Forward	567	462	18744.0	3127	6894	0.453582	503	1505	0.334219	2876	3443	0.835318	850	2024	2874	2080	900	270	864	819	9633
203998	Forward	91	20	1204.0	144	365	0.39452	60	188	0.319148	49	59	0.830508	73	165	238	69	31	52	59	121	397
203484	Guard	519	391	15237.0	2180	5233	0.416587	861	2454	0.350855	850	1063	0.799623	349	1324	1673	854	582	99	518	961	6071
1628427	Forward	11	0	38.0	5	11	0.454545	1	5	0.2	4	4	1.0	3	5	8	3	1	1	3	6	15
203991	Center	334	274	8674.0	1766	2785	0.634111	0	2	0.0	543	1033	0.525653	1089	2154	3243	324	229	491	412	838	4075
201960	Forward	569	339	13519.0	1790	4167	0.429565	653	1819	0.358988	863	1166	0.740137	650	1780	2430	712	518	148	491	1115	5096
1628975	Guard	75	5	1082.0	107	315	0.339682	64	176	0.363636	35	43	0.813953	29	100	129	119	53	21	57	107	313
1713	Guard-Forward	1526	982	46194.0	9270	21279	0.43564	2274	6128	0.371083	4850	6080	0.797697	1651	4926	6577	4706	1525	886	2584	3977	25664
1628976	Center-Forward	81	81	2218.0	346	680	0.508823	12	60	0.2	184	241	0.763485	217	456	673	122	56	91	127	294	888
203487	Guard	343	192	8751.0	1343	3343	0.401734	157	620	0.253225	771	1094	0.704753	319	1190	1509	1532	451	187	817	837	3614
1627936	Guard	108	11	1941.0	213	496	0.429435	68	179	0.379888	120	155	0.774193	45	172	217	231	96	32	123	181	614
1626161	Center	341	236	8097.0	1398	2607	0.536248	4	18	0.222222	511	836	0.611244	609	1549	2158	548	321	284	347	818	3311
2199	Center	1159	886	31618.0	3558	5964	0.596579	0	11	0.0	2393	3714	0.644318	3529	6938	10467	967	630	1335	1656	3268	9509
201163	Forward	663	480	20002.0	3249	7315	0.444155	859	2509	0.342367	1043	1356	0.769174	762	2767	3529	1192	467	410	922	1775	8400
1629597	Forward	3	0	31.0	2	5	0.4	0	1	0.0	0	0	0.0	1	5	6	2	0	1	3	5	4
1629185	Guard	21	0	179.0	15	51	0.294117	10	26	0.384615	0	0	0.0	1	21	22	38	13	3	11	14	40
1627737	Forward	244	135	4643.0	694	1561	0.444586	151	516	0.292635	325	495	0.656565	299	840	1139	246	164	198	312	638	1864
1629109	Forward	77	2	959.0	82	232	0.353448	64	206	0.310679	13	14	0.928571	46	136	182	30	24	36	11	70	241
1629634	Forward-Guard	44	2	959.0	223	359	0.621169	19	48	0.395833	68	82	0.829268	60	193	253	65	22	38	41	74	533
203903	Guard	431	138	11698.0	2436	5472	0.445175	625	1839	0.339858	847	1037	0.816779	370	985	1355	1125	373	59	716	708	6344
1629651	Forward-Center	14	0	183.0	26	46	0.565217	1	7	0.142857	9	19	0.473684	19	24	43	16	1	8	9	14	62
1629598	Guard	26	0	231.0	49	117	0.418803	33	90	0.366666	4	5	0.8	2	19	21	19	6	5	16	20	135
1628499	Guard	22	0	142.0	10	26	0.384615	3	5	0.6	5	8	0.625	3	14	17	2	8	6	8	25	28
1629599	Guard-Forward	2	0	5.0	2	3	0.666666	1	2	0.5	0	0	0.0	0	0	0	1	0	0	0	1	5
1628381	Forward	161	111	4425.0	989	1751	0.56482	105	300	0.35	394	525	0.750476	462	942	1404	251	86	164	271	511	2477
1628380	Forward-Center	146	4	2488.0	313	708	0.44209	78	241	0.323651	127	174	0.729885	158	399	557	129	42	99	141	318	831
201144	Guard	818	782	26527.0	4317	9835	0.438942	1139	3041	0.374547	2355	2881	0.817424	358	2064	2422	4632	1181	166	1642	1614	12128
1626192	Guard	262	8	4037.0	466	1056	0.441287	193	565	0.341592	96	123	0.780487	156	548	704	326	79	74	139	276	1221
1626188	Guard	154	28	2369.0	430	915	0.469945	161	388	0.414948	50	65	0.76923	39	245	284	268	46	5	118	184	1071
202326	Center	565	543	18079.0	4283	9295	0.460785	342	1031	0.331716	3098	4205	0.736741	1565	4566	6131	1832	805	697	2000	2175	12006
203496	Forward	374	327	11156.0	1588	3908	0.406345	874	2438	0.35849	720	887	0.811724	343	1746	2089	562	622	304	649	1139	4770
203459	Guard-Forward	377	113	9070.0	1222	2874	0.425191	614	1584	0.387626	384	462	0.831168	108	960	1068	432	223	104	284	761	3442
1628470	Forward	153	58	2799.0	293	658	0.445288	100	323	0.309597	89	134	0.664179	168	346	514	120	63	88	81	325	775
203109	Forward	588	289	14474.0	1929	4608	0.418619	814	2437	0.334017	912	1171	0.778821	430	1968	2398	895	568	187	515	1166	5584
1629633	Guard-Forward	49	35	1208.0	178	461	0.386117	49	180	0.272222	43	95	0.452631	56	113	169	93	49	33	65	97	448
203552	Guard	239	66	5219.0	833	1783	0.46719	393	908	0.432819	231	271	0.852398	82	380	462	408	164	29	231	343	2290
201939	Guard	698	692	23972.0	5676	11915	0.476374	2492	5727	0.435131	2552	2819	0.905285	490	2662	3152	4614	1205	156	2178	1731	16396
203584	Guard	329	20	4938.0	753	1873	0.402028	546	1372	0.397959	142	176	0.806818	73	362	435	182	97	21	184	420	2194
203076	Forward-Center	508	503	17554.0	4537	8780	0.516742	227	722	0.314404	2866	3574	0.801902	1296	3991	5287	1119	702	1223	973	1209	12167
202334	Center-Forward	665	95	13221.0	1735	3056	0.567735	0	4	0.0	727	1248	0.582532	1524	2903	4427	507	332	544	520	1654	4197
1629056	Guard	51	1	867.0	145	300	0.483333	71	170	0.417647	35	38	0.921052	37	136	173	92	27	10	50	81	396
201942	Guard-Forward	802	790	27391.0	5781	12653	0.456887	340	1202	0.282861	4190	5057	0.828554	601	2884	3485	2811	793	233	1646	1815	16092
203473	Center	384	186	6962.0	967	1855	0.521293	147	430	0.34186	359	492	0.729674	603	1679	2282	266	206	327	378	965	2440
203521	Guard	423	88	8595.0	843	2170	0.388479	386	1051	0.367269	298	355	0.839436	155	596	751	1531	197	19	528	808	2370
1628978	Guard	72	20	1430.0	206	467	0.441113	77	247	0.31174	52	68	0.764705	60	213	273	136	82	18	74	116	541
1627767	Forward-Center	167	1	2005.0	370	623	0.5939	2	6	0.333333	140	184	0.760869	167	541	708	73	52	68	103	250	882
1628977	Guard	81	5	1112.0	159	354	0.449152	9	52	0.173076	62	98	0.632653	62	141	203	35	46	16	54	144	389
203476	Center	498	204	11026.0	1511	3021	0.500165	108	307	0.351791	805	1019	0.78999	931	2137	3068	687	413	489	587	1139	3935
203915	Guard	303	116	7717.0	1240	3017	0.411004	414	1289	0.321179	943	1189	0.793103	127	693	820	1464	208	85	527	709	3837
1629029	Forward-Guard	115	115	3729.0	914	2066	0.4424	294	906	0.324503	642	873	0.735395	147	824	971	802	122	32	426	242	2764
1629652	Guard	16	8	335.0	35	84	0.416666	13	41	0.317073	16	22	0.727272	6	15	21	12	14	1	12	45	99
1628422	Guard	161	42	3254.0	475	1125	0.422222	202	560	0.360714	111	153	0.72549	51	376	427	218	91	16	108	209	1263
1629635	Forward	25	17	501.0	66	158	0.417721	19	63	0.301587	25	36	0.694444	15	68	83	11	14	7	24	55	176
1628408	Guard-Forward	20	0	227.0	39	95	0.410526	8	31	0.258064	7	11	0.636363	11	34	45	28	8	3	11	25	93
201609	Guard	797	509	22331.0	4059	8733	0.464788	954	2612	0.365237	1971	2586	0.76218	577	1852	2429	3844	793	148	1800	1846	11043
203083	Center	591	540	18364.0	3603	6655	0.541397	11	89	0.123595	1314	2855	0.460245	2834	5365	8199	764	823	927	1143	1882	8531
201162	Forward	882	286	19965.0	2402	5174	0.464244	879	2231	0.393993	934	1276	0.731974	799	2015	2814	1380	705	166	759	1623	6617
1627739	Guard	227	126	5516.0	771	1827	0.422003	127	415	0.306024	215	296	0.726351	90	670	760	948	351	101	411	676	1884
201142	Forward	849	849	31304.0	7814	15859	0.492717	1570	4122	0.380883	5742	6506	0.882569	617	5375	5992	3486	948	941	2653	1618	22940
1629035	Guard	31	0	294.0	33	103	0.320388	19	62	0.306451	11	13	0.846153	5	35	40	22	10	3	15	27	96
201961	Guard	669	166	14058.0	1957	4793	0.408303	991	2629	0.376949	468	554	0.844765	214	1241	1455	734	367	50	452	764	5373
203954	Center-Forward	193	193	5932.0	1555	3240	0.479938	225	708	0.317796	1308	1647	0.794171	454	1773	2227	608	139	355	684	653	4643
203516	Forward	327	85	6491.0	721	1585	0.454889	251	705	0.356028	393	496	0.792338	322	711	1033	286	198	96	238	651	2086
1629234	Forward-Center	30	0	152.0	24	40	0.6	0	0	0.0	14	16	0.875	12	38	50	9	2	6	12	16	62
1628980	Guard-Forward	57	2	617.0	63	186	0.338709	17	53	0.320754	25	30	0.833333	15	51	66	54	16	15	36	69	168
203957	Guard	234	69	4346.0	490	1210	0.404958	160	527	0.303605	197	258	0.763565	86	324	410	496	95	39	298	412	1337
1629605	Center	6	0	24.0	9	12	0.75	0	0	0.0	1	3	0.333333	0	11	11	0	0	2	3	5	19
202324	Forward	664	466	17042.0	3099	5865	0.528388	36	172	0.209302	1390	2098	0.662535	1678	3184	4862	760	517	847	936	1734	7624
1626245	Forward-Center	224	20	3282.0	407	712	0.571629	0	11	0.0	197	292	0.674657	342	573	915	164	62	49	141	328	1011
1628390	Guard	172	122	3640.0	321	766	0.41906	187	538	0.347583	55	72	0.763888	72	177	249	125	85	38	84	431	884
1628981	Forward-Center	43	11	530.0	75	147	0.510204	4	30	0.133333	24	39	0.615384	51	92	143	38	15	15	39	83	178
1627812	Guard	237	53	4980.0	688	1626	0.423124	274	742	0.369272	245	292	0.839041	64	449	513	565	154	25	210	333	1895
1627827	Forward	234	122	5587.0	566	1347	0.420193	237	724	0.327348	190	262	0.72519	323	652	975	263	166	93	188	468	1559
1627854	Guard	248	142	5362.0	797	1864	0.427575	395	1003	0.393818	175	221	0.791855	43	433	476	371	100	6	172	379	2164
203095	Guard-Forward	507	365	14359.0	2561	5719	0.447805	891	2375	0.375157	1081	1339	0.807318	217	1178	1395	1316	424	53	837	1239	7094
1628368	Guard	186	172	5579.0	1068	2387	0.447423	165	487	0.338809	589	823	0.715674	100	544	644	1134	254	82	511	461	2890
1626187	Guard	5	0	40.0	3	9	0.333333	2	7	0.285714	3	4	0.75	1	2	3	1	1	0	0	8	11
204025	Guard	272	81	4818.0	498	1221	0.407862	125	380	0.328947	244	332	0.734939	134	493	627	1092	188	24	360	483	1365
1628982	Guard-Forward	23	0	92.0	13	38	0.342105	4	13	0.307692	3	8	0.375	4	5	9	2	5	2	3	14	33
1628365	Guard	83	60	2074.0	348	781	0.445582	26	100	0.26	110	166	0.66265	61	227	288	354	93	18	145	172	832
1629117	Forward	14	1	88.0	6	21	0.285714	1	9	0.111111	6	10	0.6	5	7	12	4	5	4	6	14	19
1629655	Forward-Center	33	4	420.0	67	100	0.67	0	0	0.0	20	38	0.526315	39	39	78	14	9	42	18	60	154
201568	Forward	592	522	18367.0	2884	6760	0.426627	1162	3060	0.379738	2611	2991	0.872952	444	2468	2912	1216	466	239	786	1084	9541
204038	Guard	392	62	8959.0	1184	3000	0.394666	576	1570	0.366878	376	466	0.806866	193	819	1012	673	287	63	242	650	3320
1629636	Guard	51	51	1555.0	238	602	0.395348	96	267	0.35955	58	67	0.865671	23	77	100	191	37	1	136	78	630
201188	Center	830	816	27540.0	4526	9396	0.481694	374	1051	0.355851	2767	3562	0.77681	1371	4969	6340	2862	760	1191	1686	2413	12193
200752	Forward-Guard	926	777	30890.0	6041	13262	0.455511	949	2743	0.345971	2890	3625	0.797241	1298	4170	5468	2048	1127	711	2074	2213	15921
202331	Forward	634	586	21325.0	4280	9888	0.432847	1537	4051	0.379412	2567	3032	0.846635	577	3497	4074	2121	1112	280	1650	1711	12664
201959	Forward	785	426	19858.0	3117	6073	0.513255	25	115	0.217391	1245	1756	0.708997	1826	3113	4939	806	446	829	929	1997	7504
1628385	Forward-Center	82	4	1092.0	228	450	0.506666	0	6	0.0	72	107	0.672897	83	207	290	115	43	31	95	205	528
1628983	Guard-Forward	133	124	3989.0	701	1498	0.467957	112	320	0.35	367	453	0.810154	94	456	550	433	158	79	242	262	1881
203497	Center	454	362	13313.0	1943	3052	0.636631	0	3	0.0	1387	2207	0.628454	1489	3480	4969	620	310	991	735	1174	5273
1629164	Guard	38	1	359.0	58	156	0.371794	20	63	0.31746	29	31	0.935483	9	51	60	49	11	3	24	38	165
203932	Forward	386	297	10934.0	1839	4117	0.446684	421	1322	0.318456	770	1099	0.700636	605	1835	2440	867	296	240	534	779	4869
201569	Guard	655	506	21569.0	3705	8704	0.425666	1534	4135	0.370979	1961	2420	0.81033	273	1349	1622	1881	592	225	1298	1298	10905
1628984	Guard	97	44	2471.0	362	984	0.367886	215	599	0.358931	189	235	0.804255	47	197	244	512	69	15	181	147	1128
1626203	Guard-Forward	167	44	2701.0	245	643	0.381026	110	334	0.329341	102	141	0.723404	103	262	365	130	71	12	69	271	702
203924	Forward	434	163	10560.0	1384	2997	0.461795	344	996	0.345381	834	1260	0.661904	416	1268	1684	454	251	497	402	985	3946
1627982	Guard	7	0	109.0	12	43	0.279069	3	13	0.230769	7	11	0.636363	3	9	12	14	8	2	12	9	34
201980	Guard	668	592	16959.0	2125	5013	0.423897	1255	3125	0.4016	487	602	0.80897	396	1946	2342	1061	669	530	681	1175	5992
203110	Forward	572	424	16110.0	1869	4290	0.435664	519	1623	0.319778	896	1264	0.70886	647	3299	3946	2826	786	608	1175	1585	5153
101123	Guard-Forward	658	118	13026.0	2312	5546	0.416877	962	2668	0.360569	826	1010	0.817821	318	1321	1639	596	335	199	721	1228	6412
203210	Forward-Center	341	151	7501.0	1058	2247	0.47085	243	661	0.367624	433	564	0.76773	636	1472	2108	314	195	148	393	919	2792
1629750	Guard-Forward	40	1	370.0	48	93	0.516129	6	23	0.260869	22	34	0.647058	16	50	66	21	21	5	16	36	124
201933	Forward	622	622	21672.0	5049	10134	0.498223	407	1223	0.332788	2974	4283	0.694373	1345	4156	5501	2749	553	321	1617	1777	13479
1629741	Guard	32	0	430.0	50	135	0.37037	20	70	0.285714	19	21	0.904761	12	50	62	40	11	7	34	31	139
1629657	Guard	2	0	4.0	1	2	0.5	0	1	0.0	0	0	0.0	0	0	0	0	0	0	0	0	2
1629060	Forward	26	26	755.0	151	311	0.48553	10	48	0.208333	47	56	0.839285	39	114	153	40	18	3	22	58	359
203501	Guard-Forward	451	214	11809.0	2089	4990	0.418637	868	2483	0.349577	903	1108	0.814981	155	1021	1176	822	284	65	501	763	5949
201935	Guard	812	599	27853.0	5984	13523	0.442505	2244	6160	0.364285	6099	7107	0.858168	636	3670	4306	5088	1267	428	2984	2132	20311
203090	Forward-Guard	525	315	12098.0	1504	3142	0.478676	317	972	0.326131	441	721	0.61165	625	1332	1957	485	515	352	461	1074	3766
1629607	Guard	3	0	8.0	1	4	0.25	0	2	0.0	0	0	0.0	0	0	0	0	0	0	0	0	2
1626149	Forward-Center	305	25	6321.0	1568	2555	0.613698	5	47	0.106382	675	1074	0.628491	529	949	1478	406	171	271	353	689	3816
203914	Guard	355	293	10263.0	1619	3575	0.452867	523	1465	0.356996	556	692	0.803468	222	699	921	757	442	78	445	632	4317
203925	Guard-Forward	311	151	7447.0	1136	2401	0.473136	569	1346	0.422734	288	366	0.786885	167	779	946	494	143	60	366	633	3129
202699	Forward	597	477	18339.0	3564	7571	0.470743	774	2139	0.361851	1502	1831	0.820316	585	3007	3592	1177	440	291	830	1195	9404
1627885	Guard	126	17	2032.0	274	627	0.437001	36	133	0.270676	132	191	0.691099	49	273	322	223	129	42	91	191	716
1628404	Guard	174	56	4418.0	525	1223	0.429272	260	729	0.356652	176	246	0.715447	122	668	790	237	160	75	157	375	1486
1628392	Center-Forward	49	2	472.0	63	104	0.605769	2	9	0.222222	29	40	0.725	49	85	134	31	15	24	28	95	157
2617	Forward	856	499	21531.0	2640	5390	0.489795	4	55	0.072727	1232	1631	0.755364	1606	4135	5741	728	422	249	803	2040	6516
1629637	Center-Forward	48	12	888.0	144	218	0.66055	1	4	0.25	99	158	0.626582	76	134	210	46	21	50	37	128	388
202330	Forward	623	461	19141.0	3248	7215	0.450173	819	2243	0.365135	2174	2641	0.823173	461	2229	2690	2143	615	252	1225	1088	9489
203089	Forward-Center	434	154	8564.0	1404	2610	0.537931	18	75	0.24	481	844	0.569905	788	1532	2320	485	203	632	481	975	3307
1629608	Center-Forward	4	0	11.0	1	5	0.2	0	1	0.0	2	2	1.0	2	5	7	0	1	0	1	6	4
1627823	Forward	191	37	2899.0	306	723	0.423236	141	404	0.349009	149	199	0.748743	149	452	601	118	68	44	95	210	902
1626195	Center-Forward	200	26	2852.0	539	1015	0.531034	29	84	0.345238	276	403	0.684863	375	696	1071	203	80	77	215	337	1383
1629639	Guard	46	6	1273.0	219	529	0.413988	99	252	0.392857	66	79	0.835443	14	172	186	91	29	7	72	58	603
1628987	Forward	6	0	13.0	0	5	0.0	0	4	0.0	0	0	0.0	0	2	2	1	0	0	0	1	0
1626209	Forward-Guard	313	69	5825.0	817	1973	0.41409	255	803	0.317559	301	370	0.813513	138	836	974	393	227	76	358	522	2190
1627741	Guard	294	194	8200.0	1735	3924	0.44215	788	1933	0.407656	395	458	0.862445	243	994	1237	636	223	80	496	592	4653
2403	Center-Forward	965	626	25234.0	4175	7621	0.547828	7	53	0.132075	2552	3864	0.660455	1688	4140	5828	1719	1041	721	1688	2934	10909
201588	Guard	770	447	21400.0	3045	6662	0.457069	946	2454	0.385493	1556	1940	0.802061	454	1932	2386	2456	700	215	970	1582	8592
203524	Forward	353	171	7814.0	719	1812	0.396799	285	844	0.337677	356	446	0.798206	236	905	1141	565	241	81	323	621	2079
1629658	Forward	12	0	94.0	13	29	0.448275	0	3	0.0	6	11	0.545454	13	17	30	4	5	0	4	10	32
1628988	Guard	97	19	1743.0	284	687	0.413391	116	301	0.385382	88	104	0.846153	23	151	174	252	56	24	100	157	772
201950	Guard	694	621	23058.0	4331	9593	0.451475	890	2516	0.353736	1412	1811	0.779679	593	2103	2696	4416	1036	352	1905	1585	10964
203200	Forward-Guard	408	164	9376.0	1167	2949	0.395727	591	1642	0.359926	402	487	0.825462	152	1037	1189	597	395	166	366	619	3327
1626178	Forward	273	149	6292.0	947	2121	0.446487	43	198	0.217171	668	905	0.738121	399	1167	1566	526	267	150	369	572	2605
1626158	Forward	263	57	4912.0	905	1549	0.584247	39	152	0.256578	364	501	0.726546	441	861	1302	249	162	255	210	663	2213
203918	Guard-Forward	341	248	9325.0	1536	3606	0.425956	583	1566	0.372286	592	706	0.838526	120	860	980	645	262	67	379	750	4247
201143	Center-Forward	832	828	27206.0	4910	9420	0.521231	429	1191	0.360201	1410	1872	0.753205	1768	5138	6906	2729	678	987	1315	1900	11659
1629659	Guard	2	0	5.0	0	1	0.0	0	1	0.0	0	0	0.0	0	0	0	2	1	0	0	0	0
1627863	Forward-Guard	107	49	2736.0	335	758	0.441952	182	482	0.377593	132	169	0.781065	84	328	412	119	76	43	86	197	984
2730	Center-Forward	1093	1045	36961.0	6689	11425	0.58547	9	68	0.132352	5096	9017	0.565154	3797	9766	13563	1568	1008	2120	3119	3536	18483
1628989	Guard-Forward	116	92	3257.0	453	1078	0.420222	229	586	0.390784	80	105	0.761904	83	333	416	345	100	44	173	253	1215
1629631	Forward-Guard	49	48	1522.0	220	533	0.412757	78	231	0.337662	84	109	0.770642	25	160	185	90	32	14	81	137	602
1628990	Forward-Guard	69	21	1330.0	164	349	0.469914	24	81	0.296296	65	104	0.625	45	229	274	54	47	12	49	99	417
201586	Forward	794	637	22715.0	4136	8036	0.514683	508	1413	0.359518	1166	1534	0.760104	1715	4104	5819	600	346	1660	1059	2238	9946
2738	Guard-Forward	1108	779	37033.0	4842	10398	0.465666	989	2966	0.333445	2783	3918	0.710311	1039	4592	5631	4821	1663	552	2110	2010	13456
101141	Forward	791	420	18571.0	3080	6937	0.443995	857	2342	0.365926	1214	1566	0.775223	1380	3186	4566	898	545	286	776	1941	8231
204060	Forward-Guard	456	253	11530.0	1349	3023	0.446245	772	1892	0.408033	297	398	0.746231	141	1322	1463	1617	455	68	714	850	3767
1627742	Forward	236	197	7594.0	1392	3013	0.461998	243	676	0.359467	766	1071	0.715219	199	995	1194	744	166	145	533	601	3793
202681	Guard	528	528	17827.0	4346	9332	0.465709	1119	2870	0.389895	2031	2316	0.876943	407	1548	1955	3013	699	187	1394	1171	11842
1628371	Forward	134	106	3480.0	466	1078	0.432282	132	403	0.327543	185	233	0.793991	172	560	732	142	142	206	149	270	1249
1628411	Forward	167	37	2934.0	266	653	0.40735	56	182	0.307692	167	210	0.795238	94	321	415	168	84	44	90	259	755
1628402	Guard	101	17	1695.0	276	653	0.422664	81	262	0.30916	92	123	0.747967	38	146	184	99	39	5	82	146	725
1628367	Guard-Forward	160	64	4013.0	746	1802	0.413984	133	455	0.292307	324	498	0.650602	164	548	712	305	157	92	323	434	1949
1628382	Forward	195	57	3872.0	505	1164	0.433848	183	557	0.328545	115	147	0.782312	91	419	510	202	69	33	79	232	1308
202704	Guard	540	338	13630.0	2597	6077	0.427349	623	1862	0.334586	1159	1352	0.857248	295	1304	1599	2376	384	62	1040	1047	6976
1628991	Forward-Center	107	105	2894.0	610	1244	0.490353	179	458	0.390829	262	345	0.75942	122	380	502	134	86	163	182	418	1661
1629713	Guard-Forward	29	0	213.0	29	74	0.391891	8	25	0.32	10	19	0.526315	6	24	30	15	6	9	8	15	76
2544	Forward	1245	1244	47870.0	12290	24395	0.503791	1828	5315	0.343932	7320	9961	0.734865	1491	7751	9242	9164	1999	943	4345	2289	33728
1628518	Forward	30	0	143.0	15	30	0.5	0	0	0.0	12	22	0.545454	16	28	44	7	4	6	4	15	42
1629610	Guard-Forward	3	0	12.0	1	3	0.333333	0	1	0.0	0	0	0.0	1	0	1	1	0	0	0	3	2
1629660	Guard-Forward	18	0	212.0	29	73	0.39726	11	31	0.354838	4	5	0.8	5	25	30	33	12	3	12	22	73
1628993	Forward	25	0	110.0	11	30	0.366666	1	2	0.5	8	14	0.571428	10	24	34	3	1	3	1	13	31
1629168	Forward	15	0	96.0	14	36	0.388888	4	13	0.307692	4	4	1.0	3	11	14	2	4	0	5	4	36
1629661	Forward	38	0	754.0	102	243	0.419753	66	166	0.39759	27	36	0.75	35	81	116	36	17	12	24	56	297
201949	Forward	620	219	12743.0	1928	4049	0.476166	307	1000	0.307	724	1044	0.693486	500	1718	2218	1302	478	551	895	1375	4887
1629640	Forward-Guard	4	0	12.0	2	5	0.4	0	0	0.0	0	0	0.0	0	3	3	0	0	0	0	0	4
1626169	Forward-Guard	302	64	6243.0	743	1993	0.372804	239	820	0.291463	281	368	0.763586	164	818	982	429	269	66	351	590	2006
204020	Guard	301	71	7740.0	1136	2642	0.429977	371	1036	0.358108	503	653	0.77029	170	786	956	735	267	136	349	572	3146
203999	Center	360	319	10397.0	2337	4474	0.522351	333	973	0.34224	1070	1299	0.82371	942	2539	3481	1941	398	253	884	1022	6077
1627745	Center	96	46	1372.0	185	275	0.672727	2	7	0.285714	92	136	0.67647	110	182	292	60	35	68	52	223	464
1626145	Guard	298	40	5337.0	609	1418	0.429478	159	465	0.341935	216	266	0.81203	63	399	462	1052	299	25	224	304	1593
1627884	Forward	148	32	2833.0	365	733	0.497953	60	212	0.283018	181	265	0.683018	193	319	512	94	101	94	86	290	971
201599	Center	861	711	23970.0	3282	4899	0.669932	1	11	0.090909	1602	3394	0.472009	2756	6537	9293	796	506	1389	1193	2265	8167
202709	Guard	578	115	12598.0	1566	3559	0.440011	275	833	0.330132	578	755	0.765562	290	1205	1495	1662	440	127	577	871	3985
1629662	Forward-Center	10	0	44.0	10	22	0.454545	6	12	0.5	3	3	1.0	1	7	8	1	1	1	1	6	29
1626163	Forward-Center	314	36	6969.0	1107	2620	0.422519	377	1081	0.348751	519	693	0.748917	241	1039	1280	523	145	118	274	497	3110
202683	Center	621	221	13658.0	2992	5506	0.543407	43	148	0.29054	1276	1646	0.775212	1829	2918	4747	531	253	293	962	1366	7303
1628379	Guard	164	44	3821.0	585	1327	0.440844	260	647	0.401854	183	212	0.863207	42	415	457	353	82	29	169	243	1613
203077	Forward	433	356	10858.0	1458	3072	0.474609	28	100	0.28	794	1111	0.714671	698	1690	2388	511	294	301	391	937	3738
1629663	Forward	9	0	55.0	8	19	0.421052	4	10	0.4	0	3	0.0	1	7	8	5	2	0	2	10	20
1628467	Forward	193	66	3960.0	485	1040	0.466346	200	562	0.355871	159	197	0.807106	243	588	831	172	77	178	121	369	1329
202688	Guard	437	346	12917.0	2219	5393	0.411459	685	1945	0.352185	1042	1292	0.806501	235	1121	1356	1731	380	74	1064	864	6165
1628995	Forward	125	61	3089.0	460	1241	0.370668	180	532	0.338345	218	312	0.698717	80	407	487	133	63	43	146	250	1318
1629723	Guard	5	0	30.0	2	4	0.5	0	2	0.0	0	0	0.0	0	2	2	2	0	0	0	1	4
1627788	Guard-Forward	112	18	1798.0	264	650	0.406153	142	397	0.357682	71	94	0.755319	29	196	225	101	56	15	62	148	741
1628436	Forward-Center	98	29	1584.0	221	568	0.389084	123	366	0.336065	65	83	0.783132	59	214	273	109	43	83	49	112	630
2594	Guard-Forward	1218	422	30961.0	4070	9202	0.442295	2425	5652	0.429051	1288	1469	0.876786	340	3266	3606	2100	798	401	1280	2498	11853
1629066	Forward	95	50	1717.0	259	565	0.458407	83	238	0.348739	86	114	0.754385	72	251	323	81	54	27	109	203	687
1628398	Forward	187	111	5715.0	1157	2568	0.450545	349	1040	0.335576	412	561	0.734402	186	855	1041	363	101	76	336	403	3075
203897	Guard-Forward	345	258	10563.0	2160	4852	0.445177	616	1647	0.374013	1071	1298	0.825115	158	1085	1243	1234	321	90	855	762	6007
1627746	Forward-Center	148	43	2595.0	429	872	0.491972	30	85	0.352941	181	242	0.747933	223	438	661	152	53	99	151	314	1069
203087	Guard-Forward	475	126	10052.0	1850	4165	0.444177	486	1438	0.337969	776	909	0.853685	249	1516	1765	758	346	171	402	776	4962
1629641	Guard-Forward	15	1	146.0	14	28	0.5	2	10	0.2	8	10	0.8	5	8	13	3	3	3	5	10	38
1629724	Forward	2	0	4.0	0	1	0.0	0	1	0.0	0	2	0.0	0	0	0	0	0	0	0	0	0
1627774	Forward	155	37	2105.0	317	692	0.458092	95	306	0.310457	71	101	0.70297	78	220	298	86	58	47	80	182	800
1627747	Guard	193	72	4824.0	830	1938	0.428276	226	677	0.333825	346	492	0.703252	133	555	688	654	192	47	343	371	2232
1628388	Forward	133	2	1161.0	191	385	0.496103	31	87	0.356321	35	57	0.614035	92	175	267	39	21	26	28	97	448
1629665	Guard	3	0	22.0	3	7	0.428571	0	3	0.0	2	2	1.0	0	0	0	1	0	0	1	2	8
201584	Guard	798	512	21686.0	2937	6512	0.451013	864	2227	0.387965	961	1127	0.852706	357	1744	2101	1345	791	209	753	1313	7699
1627814	Guard-Forward	83	34	1786.0	264	636	0.415094	91	270	0.337037	124	146	0.849315	48	267	315	132	64	4	73	136	743
203458	Center	452	180	8945.0	1382	2804	0.492867	94	285	0.329824	766	1110	0.69009	917	1912	2829	387	188	446	561	1204	3624
202695	Forward	506	479	15658.0	3357	6832	0.491364	723	1892	0.382135	1867	2188	0.85329	628	2616	3244	1329	903	339	800	867	9304
203086	Forward-Center	442	91	7081.0	952	1969	0.483494	322	822	0.391727	257	316	0.813291	318	1400	1718	391	82	127	303	956	2483
203081	Guard	598	598	21717.0	4735	10856	0.436164	1699	4580	0.37096	3193	3592	0.888919	370	2132	2502	3868	582	186	1652	1197	14362
1629642	Forward-Guard	39	5	495.0	55	128	0.429687	13	51	0.254901	26	39	0.666666	29	70	99	18	10	14	15	62	149
1626172	Forward	217	35	3004.0	406	699	0.580829	6	30	0.2	134	224	0.598214	347	461	808	204	101	130	106	402	952
201572	Center	765	727	23454.0	4951	10013	0.494457	500	1482	0.337381	2505	3159	0.792972	1623	3291	4914	1167	443	1374	1379	2065	12907
201577	Center	812	582	18294.0	3007	5673	0.530054	29	116	0.25	1148	1528	0.751308	1899	2269	4168	673	196	959	894	1592	7191
201567	Forward-Center	702	619	22435.0	4224	9538	0.44286	1194	3218	0.371037	3166	3824	0.827928	1957	5880	7837	1654	480	318	1384	1480	12808
200768	Guard	896	660	28247.0	4218	9967	0.423196	1645	4495	0.365962	3063	3791	0.807966	728	3111	3839	5517	1206	257	2059	2426	13144
1626168	Forward	338	81	5933.0	921	2149	0.428571	287	866	0.331408	314	448	0.700892	267	1139	1406	359	126	112	287	484	2443
101133	Center	609	124	10181.0	1181	2210	0.534389	8	46	0.173913	785	1280	0.613281	922	1741	2663	349	349	438	597	1610	3155
1627748	Forward-Center	243	58	3321.0	380	883	0.430351	120	370	0.324324	212	314	0.675159	192	463	655	141	86	156	125	423	1092
1629611	Guard-Forward	30	6	242.0	21	49	0.428571	2	11	0.181818	9	12	0.75	4	25	29	32	6	5	14	31	53
1626246	Center	211	18	2058.0	477	826	0.577481	6	18	0.333333	333	434	0.767281	286	553	839	116	48	78	152	256	1293
1628374	Forward-Center	166	165	5097.0	949	2207	0.429995	366	1027	0.356377	433	510	0.849019	210	1066	1276	224	115	95	245	317	2697
1628997	Forward	5	0	32.0	3	10	0.3	0	3	0.0	3	5	0.6	1	4	5	3	1	2	3	3	9
1628998	Forward	37	1	591.0	61	141	0.432624	14	54	0.259259	30	45	0.666666	28	76	104	50	27	6	25	57	166
1629725	Guard	2	0	11.0	1	4	0.25	0	0	0.0	0	0	0.0	0	1	1	1	1	0	0	0	2
1629103	Forward	21	4	368.0	49	130	0.376923	18	68	0.264705	12	12	1.0	7	65	72	10	6	7	12	40	128
1628412	Guard	94	2	1437.0	216	556	0.388489	46	154	0.298701	135	176	0.767045	37	138	175	236	51	14	102	108	613
1629726	Guard	15	0	196.0	23	50	0.46	18	42	0.428571	29	32	0.90625	6	17	23	10	3	1	7	26	93
202083	Guard	771	710	24717.0	3505	8260	0.424334	1628	4267	0.381532	1609	1952	0.824282	393	1959	2352	1672	819	153	990	1685	10247
1627775	Guard	184	42	3097.0	281	658	0.427051	88	283	0.310954	78	100	0.78	56	230	286	250	127	31	118	209	728
203468	Guard	458	361	13998.0	3205	7050	0.454609	946	2375	0.398315	977	1174	0.832197	274	1203	1477	1371	394	170	790	980	8333
204456	Guard	363	75	7861.0	1036	2105	0.492161	87	260	0.334615	186	240	0.775	171	861	1032	1726	432	59	568	531	2345
1629667	Forward-Center	2	0	7.0	2	5	0.4	0	1	0.0	0	0	0.0	1	0	1	0	0	0	0	0	4
203926	Forward	392	14	7866.0	1202	2593	0.463555	476	1151	0.413553	318	386	0.823834	142	719	861	327	75	40	238	549	3198
201580	Center-Forward	680	296	11795.0	2320	4038	0.574541	5	32	0.15625	776	1313	0.591012	1280	2214	3494	272	274	1061	649	1472	5421
203585	Guard	201	115	4465.0	462	1128	0.409574	186	551	0.337568	112	174	0.643678	188	452	640	277	110	41	142	340	1222
1629162	Guard	16	0	295.0	36	88	0.40909	13	41	0.317073	9	14	0.642857	3	23	26	55	16	0	12	15	94
203463	Guard	418	252	9913.0	1350	3223	0.418864	568	1579	0.359721	492	631	0.779714	190	830	1020	454	279	83	502	935	3760
203895	Guard	115	9	1566.0	286	675	0.423703	78	214	0.364485	140	180	0.777777	33	172	205	156	43	29	82	135	790
1629740	Forward	39	5	582.0	78	172	0.453488	40	109	0.366972	30	37	0.81081	19	80	99	40	22	9	29	70	226
1629001	Guard	88	31	1670.0	210	497	0.422535	49	160	0.30625	84	103	0.815533	51	225	276	273	116	36	131	181	553
1629002	Forward-Center	44	0	210.0	35	87	0.402298	0	2	0.0	19	25	0.76	18	41	59	18	7	6	18	17	89
203114	Forward	498	423	15685.0	2919	6387	0.457022	857	2178	0.39348	1309	1500	0.872666	296	1979	2275	1648	632	96	942	1299	8004
1628450	Center-Forward	1	0	19.0	2	3	0.666666	0	0	0.0	2	2	1.0	2	5	7	0	0	0	0	5	6
203121	Forward	253	28	5162.0	523	1252	0.417731	327	856	0.382009	151	182	0.82967	49	374	423	346	110	61	163	510	1524
1626259	Guard-Forward	47	5	310.0	31	75	0.413333	23	58	0.396551	8	14	0.571428	6	28	34	12	6	5	9	26	93
201988	Guard	655	56	12660.0	2052	4768	0.430369	1027	2628	0.390791	549	649	0.845916	205	887	1092	1531	430	52	649	851	5680
200794	Forward	977	693	28517.0	5140	10486	0.490177	461	1361	0.338721	2967	4023	0.737509	2192	4998	7190	2213	1250	988	1731	3010	13708
1629003	Guard-Forward	38	5	538.0	76	181	0.419889	31	95	0.326315	27	36	0.75	13	60	73	44	15	9	26	63	210
1628378	Guard	205	197	6919.0	1701	3869	0.439648	492	1394	0.352941	750	916	0.818777	147	674	821	821	279	69	557	542	4644
1628513	Guard	18	0	127.0	13	37	0.351351	5	23	0.217391	2	2	1.0	1	11	12	22	2	2	10	11	33
1629690	Guard	5	0	17.0	0	9	0.0	0	4	0.0	0	0	0.0	4	0	4	0	1	0	0	0	0
1628370	Guard	185	0	3109.0	553	1415	0.390812	237	742	0.319407	186	219	0.849315	47	293	340	308	77	42	199	233	1529
1629760	Guard	2	0	5.0	1	2	0.5	0	1	0.0	0	0	0.0	0	1	1	1	0	1	0	1	2
202734	Guard	553	189	11917.0	1836	4027	0.455922	534	1369	0.390065	314	427	0.735362	262	870	1132	999	369	122	500	894	4520
1629630	Guard	45	45	1340.0	299	599	0.499165	36	93	0.387096	150	192	0.78125	26	126	152	315	46	12	145	74	784
1629752	Forward	11	0	44.0	4	7	0.571428	1	4	0.25	0	0	0.0	2	6	8	1	0	1	2	3	9
202693	Forward	621	347	15986.0	2775	6183	0.448811	511	1484	0.344339	1127	1449	0.777777	787	2562	3349	1045	545	342	1002	1793	7188
1628420	Guard	137	14	3084.0	523	1092	0.478937	137	338	0.405325	106	131	0.80916	53	237	290	490	112	15	87	151	1289
202694	Forward	588	335	15836.0	2608	6037	0.432002	873	2365	0.369133	1045	1378	0.758345	577	2170	2747	887	413	158	706	1264	7134
1628405	Forward	42	4	351.0	83	154	0.538961	2	10	0.2	41	70	0.585714	33	71	104	23	11	5	29	50	209
1626144	Guard	289	164	7021.0	1194	2984	0.400134	270	837	0.32258	553	746	0.741286	135	727	862	1125	206	87	654	477	3211
1627749	Guard	165	94	3180.0	510	1119	0.455764	42	123	0.341463	180	249	0.722891	170	593	763	451	181	50	265	280	1242
1627750	Guard	280	205	8118.0	1565	3598	0.434963	503	1408	0.357244	652	738	0.883468	222	773	995	1000	251	91	533	520	4285
1629058	Guard-Forward	44	0	444.0	59	161	0.366459	16	75	0.213333	33	46	0.717391	20	56	76	33	15	1	33	26	167
203488	Forward-Center	342	28	5331.0	702	1526	0.460026	255	704	0.362215	261	311	0.839228	307	780	1087	319	122	170	218	504	1920
1629004	Guard-Forward	88	18	1459.0	181	452	0.400442	123	310	0.396774	58	74	0.783783	22	90	112	113	43	5	66	92	543
1627846	Forward	144	7	1762.0	214	520	0.411538	84	245	0.342857	80	112	0.714285	37	201	238	70	48	34	89	158	592
1626204	Forward-Center	302	91	6997.0	1000	1862	0.537056	89	277	0.321299	311	449	0.69265	625	1372	1997	522	359	159	286	705	2400
203894	Guard	325	45	5498.0	734	1861	0.394411	316	919	0.343852	418	514	0.813229	95	514	609	774	257	44	400	365	2202
203526	Guard	241	56	3293.0	431	974	0.442505	137	363	0.37741	128	165	0.775757	45	263	308	439	130	20	230	294	1127
1627777	Forward	135	0	1249.0	191	428	0.446261	102	257	0.396887	38	46	0.826086	27	167	194	73	27	11	50	117	522
203457	Center-Forward	342	166	7654.0	1149	2135	0.538173	2	7	0.285714	492	757	0.649933	678	1484	2162	414	459	474	473	854	2792
1629669	Guard	8	0	91.0	12	34	0.352941	2	18	0.111111	9	10	0.9	2	5	7	8	0	1	3	6	35
1628373	Guard	166	49	3554.0	377	1043	0.361457	117	379	0.308707	107	138	0.775362	67	299	366	505	137	48	246	399	978
1629134	Guard	47	47	1421.0	293	640	0.457812	95	264	0.359848	60	73	0.821917	13	117	130	166	42	9	85	106	741
203994	Center	310	229	7103.0	1443	2936	0.491485	3	42	0.071428	719	1079	0.666357	776	1704	2480	589	261	400	635	956	3608
1626220	Forward	201	65	4280.0	392	868	0.451612	171	443	0.386004	116	145	0.8	62	716	778	351	127	58	164	424	1071
203124	Center-Forward	465	64	6622.0	1075	2078	0.517324	31	136	0.227941	361	487	0.741273	621	1510	2131	624	186	446	456	952	2542
1628400	Forward	177	7	2463.0	181	468	0.386752	95	288	0.329861	71	105	0.67619	81	255	336	68	48	12	53	189	528
1626143	Center-Forward	215	114	4415.0	1013	1890	0.535978	4	17	0.235294	356	527	0.675521	350	739	1089	210	65	187	323	470	2386
1629059	Forward-Guard	94	19	1488.0	170	431	0.394431	60	189	0.31746	77	106	0.726415	25	138	163	214	50	11	90	151	477
1629006	Guard	122	66	2927.0	325	824	0.394417	90	338	0.266272	237	314	0.754777	108	321	429	166	142	54	134	270	977
1629644	Forward-Guard	4	0	5.0	0	0	0.0	0	0	0.0	0	0	0.0	0	1	1	0	0	0	1	0	0
203506	Guard	406	346	13452.0	2604	5907	0.440832	623	1785	0.349019	1235	1556	0.793701	250	1615	1865	1598	682	200	1038	975	7066
203482	Forward-Center	477	95	10217.0	1688	3540	0.476836	530	1432	0.370111	723	936	0.772435	570	1749	2319	873	337	214	681	1323	4629
1629671	Guard-Forward	3	0	8.0	0	0	0.0	0	0	0.0	0	0	0.0	0	1	1	0	0	0	1	0	0
1626224	Forward	189	139	4619.0	665	1507	0.441274	260	710	0.366197	211	295	0.715254	89	563	652	359	126	28	218	400	1801
1626162	Forward-Guard	341	93	8130.0	1294	3003	0.430902	406	1237	0.328213	662	850	0.778823	277	1130	1407	318	309	153	355	880	3656
1629745	Forward	2	0	11.0	1	4	0.25	0	1	0.0	0	0	0.0	2	0	2	0	1	0	0	0	2
203953	Forward	279	190	8179.0	1698	3450	0.492173	201	620	0.324193	607	822	0.738442	427	1183	1610	583	263	111	512	595	4204
202718	Forward	440	369	13247.0	2129	4611	0.461721	687	1844	0.372559	626	878	0.712984	356	1616	1972	1201	412	152	657	865	5571
1629672	Forward	47	23	1262.0	242	500	0.484	28	97	0.288659	123	160	0.76875	66	157	223	81	26	11	69	98	635
1628394	Center-Forward	19	0	370.0	54	102	0.529411	0	2	0.0	31	50	0.62	37	57	94	17	8	10	22	58	139
202335	Forward	666	98	14133.0	1774	3963	0.44764	572	1557	0.367373	389	517	0.752417	796	1892	2688	695	353	288	432	1056	4509
101108	Guard	1000	1000	34930.0	6459	13755	0.469574	1347	3648	0.369243	4183	4811	0.869465	658	3855	4513	9511	2202	128	2408	2459	18448
203901	Guard	374	318	10962.0	1688	3737	0.451699	156	530	0.294339	560	898	0.623608	425	1214	1639	2457	491	133	900	820	4092
1627780	Guard	53	23	739.0	86	210	0.409523	19	75	0.253333	10	22	0.454545	39	92	131	83	45	15	37	88	201
203658	Forward	14	0	156.0	15	27	0.555555	0	0	0.0	5	10	0.5	12	39	51	7	1	21	11	31	35
1629033	Guard-Forward	46	0	553.0	69	223	0.309417	27	123	0.219512	34	38	0.894736	14	70	84	73	21	2	50	48	199
203486	Forward-Center	514	257	11169.0	1690	2951	0.572687	2	31	0.064516	924	1638	0.564102	1021	2195	3216	1134	389	479	762	1388	4306
1627751	Center	263	37	4296.0	628	984	0.638211	1	2	0.5	172	313	0.54952	514	737	1251	253	109	266	203	536	1429
1629738	Center-Forward	17	0	99.0	13	28	0.464285	1	2	0.5	6	7	0.857142	9	22	31	7	2	6	5	20	33
1629673	Guard	45	9	947.0	105	372	0.282258	53	201	0.263681	70	85	0.823529	5	82	87	87	28	9	46	71	333
1629645	Guard-Forward	40	2	892.0	142	317	0.447949	40	119	0.336134	52	73	0.712328	14	111	125	77	36	7	78	106	376
1629008	Forward	39	1	556.0	121	238	0.508403	38	88	0.431818	31	39	0.794871	43	128	171	29	17	18	30	66	311
203490	Forward	408	295	10973.0	1741	3614	0.481737	543	1342	0.404619	459	580	0.791379	471	1549	2020	607	480	180	327	758	4484
1626171	Forward	300	53	6115.0	1221	2688	0.454241	255	709	0.359661	333	445	0.748314	536	1268	1804	360	153	86	321	559	3030
204001	Forward-Center	225	224	6957.0	1451	3357	0.432231	373	1042	0.357965	745	933	0.798499	371	1302	1673	302	163	451	397	711	4020
203939	Forward-Center	371	88	6956.0	1062	1885	0.563395	103	351	0.293447	640	866	0.73903	545	1166	1711	364	251	173	247	782	2867
1626181	Guard	293	80	5353.0	877	1931	0.454168	290	810	0.358024	347	426	0.814553	94	591	685	373	205	67	290	469	2391
1627752	Forward	246	189	6483.0	1016	2435	0.417248	452	1215	0.372016	371	453	0.818984	137	928	1065	489	228	107	452	525	2855
203944	Forward-Center	360	280	10446.0	2156	4372	0.493138	157	538	0.291821	1243	1727	0.719745	778	2440	3218	1006	237	169	891	1148	5712
1629729	Guard-Forward	2	0	1.0	0	1	0.0	0	0	0.0	0	0	0.0	0	0	0	0	0	0	0	0	0
1629629	Forward-Guard	46	31	1197.0	145	415	0.349397	58	188	0.30851	71	90	0.788888	30	143	173	71	47	22	75	103	419
200755	Guard	882	487	22917.0	3834	8557	0.448054	1842	4427	0.416083	1973	2216	0.890342	167	1644	1811	1777	405	82	985	1344	11483
1629675	Center-Forward	16	0	170.0	40	97	0.412371	17	52	0.326923	9	14	0.642857	10	24	34	13	5	8	10	35	106
1629244	Guard-Forward	19	0	259.0	33	78	0.423076	21	51	0.411764	8	9	0.888888	4	27	31	13	6	2	5	26	95
1626196	Guard	297	228	9148.0	1356	3175	0.427086	480	1321	0.363361	511	623	0.820224	209	739	948	871	333	196	433	739	3703
203085	Guard	530	149	13014.0	1807	4327	0.41761	578	1670	0.346107	663	1037	0.639344	182	921	1103	1230	368	98	597	1173	4855
203460	Guard-Forward	295	269	6651.0	563	1168	0.48202	108	421	0.256532	122	261	0.467432	348	840	1188	257	264	195	181	641	1356
1629130	Forward	65	46	1587.0	219	487	0.449691	178	421	0.422802	43	50	0.86	10	171	181	65	31	12	39	154	659
1629010	Guard	75	1	797.0	90	246	0.365853	37	124	0.298387	17	28	0.607142	8	93	101	65	24	11	39	101	234
1629011	Center-Forward	113	26	2422.0	384	543	0.707182	0	0	0.0	146	243	0.600823	305	431	736	64	92	247	66	371	914
203922	Forward	267	99	4660.0	603	1324	0.455438	168	447	0.375838	201	264	0.761363	178	509	687	207	136	53	139	240	1575
1629676	Forward	1	0	2.0	0	1	0.0	0	0	0.0	0	0	0.0	0	0	0	0	0	0	0	0	0
200765	Guard	859	728	26839.0	3688	8042	0.458592	371	1173	0.316283	1077	1773	0.607445	870	3237	4107	7164	1440	115	2416	1869	8824
201565	Guard	590	499	19266.0	4338	9502	0.456535	465	1524	0.305118	1955	2367	0.82594	494	1527	2021	3312	445	201	1558	774	11096
203082	Guard-Forward	541	176	13231.0	2146	5118	0.419304	1001	2719	0.36815	522	635	0.822047	196	1318	1514	586	453	179	483	942	5815
1626179	Guard	323	81	7181.0	1075	2747	0.391336	469	1290	0.363565	390	483	0.807453	200	1001	1201	846	254	60	336	425	3009
201937	Guard	541	520	16738.0	1968	5061	0.388855	460	1424	0.323033	1663	1987	0.83694	361	1923	2284	4189	1020	75	1476	1415	6059
1626156	Guard	305	257	8812.0	1953	4647	0.420271	709	1988	0.356639	657	858	0.765734	175	946	1121	1587	347	75	873	570	5272
1627734	Forward-Center	277	138	6938.0	1294	2488	0.520096	85	263	0.323193	586	810	0.723456	550	1606	2156	672	164	119	513	819	3259
203960	Forward	191	88	3011.0	394	857	0.459743	57	225	0.253333	174	263	0.661596	118	388	506	140	79	92	164	363	1019
203967	Forward	288	193	7650.0	1261	2904	0.434228	439	1248	0.351762	540	645	0.837209	465	1313	1778	601	183	71	487	611	3501
203107	Guard	262	139	6016.0	711	1493	0.476222	175	462	0.378787	317	389	0.81491	231	556	787	1054	229	41	343	468	1914
1629678	Guard-Forward	26	2	292.0	30	75	0.4	14	47	0.297872	9	13	0.692307	6	28	34	14	8	3	7	41	83
203471	Guard	481	176	12214.0	2550	5856	0.43545	543	1617	0.335807	1092	1322	0.826021	200	1163	1363	2206	380	59	1139	913	6735
203118	Forward	487	18	8025.0	1315	2871	0.458028	420	1166	0.360205	360	472	0.762711	344	1189	1533	433	153	59	331	719	3410
200757	Forward-Guard	862	475	18990.0	1912	4251	0.449776	513	1462	0.350889	647	885	0.731073	623	2617	3240	1194	928	362	751	1411	4984
1629012	Guard	134	124	4282.0	918	2067	0.444121	189	485	0.38969	379	448	0.845982	111	293	404	380	95	13	297	292	2404
1629013	Guard	113	50	2773.0	355	825	0.430303	248	599	0.414023	113	135	0.837037	25	181	206	182	51	16	72	259	1071
1627783	Forward	256	162	6482.0	1225	2409	0.508509	194	586	0.331058	476	623	0.764044	316	1089	1405	563	202	175	352	629	3120
1629735	Forward	34	0	266.0	39	58	0.672413	0	2	0.0	29	43	0.674418	48	50	98	15	9	16	29	70	107
1627732	Guard-Forward	209	209	7202.0	1411	2518	0.560365	2	23	0.086956	611	1029	0.59378	413	1324	1737	1673	357	160	722	580	3435
1628424	Guard	33	12	645.0	80	189	0.42328	11	39	0.282051	25	25	1.0	14	36	50	68	18	5	44	61	196
1629014	Guard	71	5	1294.0	200	486	0.411522	65	202	0.321782	66	87	0.75862	22	116	138	89	18	9	62	111	531
1629346	Forward	9	0	92.0	16	29	0.551724	2	9	0.222222	8	10	0.8	7	15	22	8	1	3	5	10	42
203935	Guard	380	170	10916.0	1219	3267	0.373125	536	1693	0.316597	684	888	0.77027	343	1001	1344	1525	589	140	641	982	3658
202397	Guard	591	154	11802.0	1936	4497	0.430509	240	765	0.313725	443	654	0.67737	208	1222	1430	2276	420	138	747	775	4555
1629015	Guard	11	2	140.0	16	44	0.363636	6	19	0.315789	8	12	0.666666	3	12	15	12	5	2	7	11	46
1628372	Guard	148	121	3974.0	737	1834	0.401853	187	593	0.315345	254	393	0.64631	99	372	471	685	154	45	389	332	1915
203503	Guard	488	262	10876.0	1139	2668	0.426911	602	1559	0.386144	248	298	0.832214	135	993	1128	532	227	114	279	672	3128
1629034	Forward	14	3	148.0	25	47	0.531914	0	3	0.0	4	12	0.333333	15	33	48	5	9	8	9	23	54
1629016	Forward	95	14	1691.0	225	539	0.417439	87	238	0.365546	105	137	0.766423	149	264	413	94	59	49	85	130	642
1629622	Guard-Forward	2	0	6.0	2	3	0.666666	0	1	0.0	1	1	1.0	1	0	1	0	0	0	0	1	5
1628410	Guard	43	4	472.0	58	145	0.4	15	53	0.283018	23	37	0.621621	17	35	52	38	24	11	24	54	154
1628403	Forward	61	3	481.0	53	133	0.398496	2	15	0.133333	21	34	0.617647	45	116	161	34	12	8	53	88	129
1628369	Forward-Guard	205	205	6450.0	1230	2711	0.453707	336	860	0.390697	568	676	0.840236	164	1029	1193	430	231	154	331	431	3364
201952	Guard	756	591	20921.0	3382	7604	0.444765	665	1867	0.356186	2143	2540	0.8437	253	1615	1868	4399	894	261	1720	1467	9572
202066	Guard-Forward	559	242	11706.0	1242	3076	0.403771	530	1524	0.347769	467	639	0.730829	224	1027	1251	943	474	172	530	1064	3481
1628464	Forward-Center	174	49	2860.0	421	770	0.546753	63	185	0.34054	164	224	0.732142	267	506	773	195	81	153	126	468	1069
202738	Guard	525	361	15181.0	3091	7096	0.435597	1011	2781	0.363538	2315	2654	0.872268	278	1009	1287	2599	464	56	1221	1109	9508
1629017	Guard	28	0	201.0	22	69	0.31884	10	35	0.285714	8	13	0.615384	4	16	20	8	7	5	4	22	62
1629744	Guard	21	0	223.0	33	69	0.47826	23	50	0.46	5	7	0.714285	4	22	26	12	4	0	8	18	94
202691	Guard	615	578	20338.0	4512	9822	0.459376	1798	4290	0.419114	1173	1384	0.847543	273	1857	2130	1416	561	332	1053	1313	11995
202684	Center-Forward	610	426	17137.0	2296	4434	0.517816	3	18	0.166666	1131	1848	0.612012	2088	3227	5315	604	315	441	709	1424	5726
1629680	Guard-Forward	43	10	863.0	72	182	0.395604	44	117	0.376068	23	36	0.638888	22	45	67	53	64	35	39	100	211
201229	Forward	704	101	13843.0	1442	3469	0.415681	844	2263	0.372956	642	834	0.769784	537	1833	2370	638	261	212	448	1149	4370
1626157	Center-Forward	356	356	12236.0	3049	5715	0.533508	501	1269	0.394799	1469	1765	0.832294	1114	3072	4186	976	276	521	896	1175	8068
1629018	Guard-Forward	53	3	739.0	99	253	0.391304	55	148	0.371621	17	23	0.73913	15	52	67	37	21	11	15	49	270
1629019	Guard	84	4	1705.0	269	603	0.446102	67	178	0.376404	210	262	0.801526	35	188	223	143	30	18	136	141	815
200782	Forward	632	456	18488.0	1696	4008	0.423153	655	1814	0.36108	629	840	0.748809	993	2689	3682	907	773	190	641	1566	4676
1629730	Guard	12	0	74.0	8	19	0.421052	0	6	0.0	3	5	0.6	2	9	11	2	1	0	3	7	19
202323	Guard-Forward	705	295	18939.0	2748	6331	0.434054	270	917	0.294438	1058	1353	0.781966	388	2890	3278	2462	532	184	1267	1380	6824
1626167	Center-Forward	321	288	9053.0	1567	3200	0.489687	234	653	0.358346	724	942	0.768577	451	1665	2116	396	227	654	420	907	4092
202685	Center	537	509	13542.0	2627	4675	0.561925	72	197	0.365482	1301	1663	0.782321	1394	3262	4656	484	205	562	823	1502	6627
1627756	Guard	164	37	3437.0	469	1173	0.399829	252	679	0.371134	57	74	0.77027	63	538	601	341	115	23	168	311	1247
1627832	Guard	218	69	5046.0	760	1852	0.410367	342	866	0.394919	324	389	0.832904	68	484	552	870	221	55	262	373	2186
1629020	Forward	26	0	111.0	14	26	0.538461	0	1	0.0	6	10	0.6	10	21	31	5	9	2	15	14	34
1629216	Guard	2	0	19.0	3	12	0.25	3	10	0.3	0	0	0.0	0	1	1	1	1	0	0	1	9
203943	Forward	328	171	5642.0	635	1384	0.458815	91	296	0.307432	286	413	0.692493	467	1266	1733	254	137	136	263	604	1647
202696	Center	576	515	17378.0	3989	8015	0.497691	244	727	0.335625	934	1254	0.744816	1566	4305	5871	1449	496	543	999	1465	9156
1629731	Forward-Center	9	0	50.0	7	10	0.7	2	3	0.666666	0	1	0.0	2	13	15	1	2	3	3	7	16
1629021	Forward-Center	65	9	888.0	168	336	0.5	44	133	0.330827	79	96	0.822916	51	163	214	52	26	26	83	140	459
203079	Guard	412	211	11670.0	2075	5037	0.411951	568	1630	0.348466	704	1018	0.691552	164	931	1095	1146	387	109	748	797	5422
202689	Guard	647	602	21953.0	4475	10671	0.41936	1427	3960	0.360353	2558	3056	0.837041	379	2104	2483	3520	843	258	1408	978	12935
1629022	Guard-Forward	59	1	668.0	110	257	0.428015	29	70	0.414285	40	55	0.727272	14	86	100	38	25	10	27	57	289
202322	Guard	573	561	20544.0	3942	9107	0.432853	539	1663	0.324113	2456	3144	0.78117	330	2153	2483	5282	976	396	2191	1289	10879
1628476	Guard	39	1	369.0	25	61	0.409836	16	38	0.421052	13	15	0.866666	4	27	31	38	11	3	6	26	79
202954	Guard	85	0	1258.0	156	354	0.440677	42	111	0.378378	106	118	0.898305	16	122	138	186	46	13	74	123	460
203933	Forward	310	214	8810.0	1916	3827	0.500653	212	607	0.349258	597	769	0.776332	425	834	1259	361	303	156	311	718	4641
1629023	Forward	44	43	1319.0	201	422	0.476303	59	148	0.398648	71	108	0.657407	36	200	236	91	39	36	70	121	532
1629139	Guard-Forward	22	0	201.0	18	57	0.315789	3	18	0.166666	7	12	0.583333	5	32	37	8	4	2	7	13	46
1629682	Guard	8	0	71.0	10	27	0.37037	2	15	0.133333	6	6	1.0	0	7	7	10	5	2	8	10	28
1628778	Guard	4	0	22.0	0	7	0.0	0	3	0.0	1	2	0.5	0	3	3	4	1	0	0	1	1
201566	Guard	863	846	29838.0	7051	16190	0.435515	963	3170	0.303785	4901	6119	0.800947	1442	4654	6096	7207	1511	265	3508	2213	19966
1629632	Guard	52	0	1245.0	211	563	0.374777	94	272	0.345588	62	85	0.729411	23	152	175	113	37	4	76	82	578
1628401	Guard	132	66	3010.0	439	931	0.471535	101	278	0.363309	206	261	0.789272	65	360	425	431	99	90	160	253	1185
202355	Center	390	306	10367.0	2217	3831	0.5787	6	22	0.272727	885	1453	0.609084	1311	3251	4562	256	232	943	632	1033	5325
203952	Forward	442	442	15839.0	3218	7300	0.440821	520	1566	0.332056	1754	2390	0.733891	554	1368	1922	1022	436	261	929	955	8710
1629684	Forward	48	3	742.0	66	156	0.423076	17	67	0.253731	31	45	0.688888	49	82	131	52	20	27	40	113	180
1629140	Forward	34	5	506.0	81	135	0.6	0	4	0.0	30	53	0.566037	63	79	142	19	9	13	20	73	192
1629026	Guard-Forward	81	47	1858.0	156	422	0.369668	77	252	0.305555	22	43	0.511627	104	293	397	136	70	40	57	176	411
101150	Guard	984	116	24447.0	4566	10874	0.4199	1327	3804	0.348843	3776	4492	0.840605	384	1818	2202	3380	863	179	1706	1317	14235
101107	Forward	1055	828	29837.0	3903	8815	0.442768	1034	2855	0.362171	2057	2547	0.807616	1261	4211	5472	1354	814	569	1013	2123	10897
1629057	Center-Forward	51	3	552.0	69	100	0.69	0	0	0.0	17	29	0.586206	50	118	168	28	26	61	26	70	155
1628430	Guard	9	0	28.0	1	7	0.142857	0	2	0.0	2	2	1.0	2	3	5	5	1	1	2	2	4
1629627	Forward	7	7	190.0	53	97	0.546391	4	9	0.444444	27	46	0.586956	25	31	56	15	4	2	18	14	137
1628391	Forward	96	3	1188.0	145	346	0.419075	59	177	0.333333	32	56	0.571428	53	231	284	73	22	25	48	114	381
1626159	Forward-Guard	241	105	6850.0	856	2053	0.41695	190	563	0.337477	279	432	0.645833	247	1048	1295	658	227	89	371	591	2181
1626174	Forward	100	3	1382.0	274	507	0.540433	45	127	0.35433	189	260	0.726923	107	304	411	47	38	64	80	104	782
1626153	Guard	247	22	4840.0	665	1476	0.450542	154	450	0.342222	340	428	0.794392	192	549	741	695	250	94	240	285	1824
201152	Forward	952	678	28885.0	5390	10813	0.498474	464	1404	0.330484	1291	1926	0.670301	1907	3727	5634	1581	1374	382	1368	2081	12535
1629027	Guard	128	128	4145.0	956	2225	0.429662	318	920	0.345652	698	834	0.83693	93	423	516	1078	126	20	536	218	2928
203469	Forward-Center	409	242	9383.0	1315	2565	0.51267	27	105	0.257142	849	1158	0.73316	797	1625	2422	566	277	294	439	1087	3506
1627790	Center	107	27	1455.0	260	447	0.581655	0	0	0.0	127	176	0.72159	146	289	435	61	21	39	77	163	647
1627826	Center	191	97	2971.0	564	1020	0.552941	0	6	0.0	255	339	0.752212	334	673	1007	168	46	149	169	366	1383
